{
  "service_type" : "jfrt",
  "service_id" : "jfrt@01gyapjce0na0d06zapxmj0s67",
  "status" : "success",
  "microservices" : {
    "artifactory" : {
      "art1" : "success"
    },
    "metadata" : {
      "art1" : "success"
    },
    "router" : {
      "art1" : "success"
    },
    "access" : {
      "art1" : "success"
    },
    "integration" : {
      "art1" : "success"
    },
    "mission-control" : {
      "art1" : "success"
    },
    "event" : {
      "art1" : "success"
    },
    "observability" : {
      "art1" : "success"
    },
    "frontend" : {
      "art1" : "success"
    }
  },
  "bundle_info" : {
    "name" : "practiceSupportBundle",
    "description" : "Please help me",
    "id" : "practiceSupportBundle-1681923438720",
    "parameters" : {
      "configuration" : true,
      "system" : true,
      "scrub_ips" : false,
      "scrub_user_names" : false,
      "logs" : {
        "include" : true,
        "scrub_ips" : false,
        "scrub_user_names" : false,
        "start_date" : "2023-04-13",
        "end_date" : "2023-04-19"
      },
      "thread_dump" : {
        "count" : 1,
        "interval" : 0
      }
    },
    "created" : "2023-04-19T16:57:18Z",
    "status" : "success"
  }
}